{"exact_match": 0.0016549441456350847, "sari": 0.5839574996818968, "ged": 0.545923974205548, "gleu": 0.475702034399324, "chrf": 61.51827366628678}